{
  "version": 1,
  "author": "Harshavardan Saravanan",
  "editor": "wokwi",
  "parts": [
    { "type": "wokwi-breadboard-half", "id": "bb1", "top": -108.6, "left": -419.6, "attrs": {} },
    { "type": "wokwi-esp32-devkit-v1", "id": "esp", "top": 0, "left": 0, "attrs": {} },
    {
      "type": "wokwi-resistor",
      "id": "r1",
      "top": -53.65,
      "left": -240,
      "attrs": { "value": "10000" }
    },
    { "type": "wokwi-led", "id": "led1", "top": -99.6, "left": -265, "attrs": { "color": "red" } },
    {
      "type": "wokwi-resistor",
      "id": "r3",
      "top": -34.45,
      "left": -326.4,
      "attrs": { "value": "10000" }
    },
    {
      "type": "wokwi-rgb-led",
      "id": "rgb1",
      "top": -92,
      "left": -354.1,
      "attrs": { "common": "cathode" }
    },
    {
      "type": "wokwi-hc-sr04",
      "id": "ultrasonic1",
      "top": -17.7,
      "left": 149.5,
      "attrs": { "distance": "99" }
    },
    {
      "type": "wokwi-buzzer",
      "id": "bz1",
      "top": -266.4,
      "left": -286.2,
      "attrs": { "volume": "0.1" }
    }
  ],
  "connections": [
    [ "esp:TX0", "$serialMonitor:RX", "", [] ],
    [ "esp:RX0", "$serialMonitor:TX", "", [] ],
    [ "ultrasonic1:VCC", "esp:3V3", "red", [ "v0" ] ],
    [ "ultrasonic1:GND", "esp:GND.1", "black", [ "v0" ] ],
    [ "ultrasonic1:TRIG", "esp:D2", "green", [ "v0" ] ],
    [ "ultrasonic1:ECHO", "esp:D15", "green", [ "v0" ] ],
    [ "esp:D4", "bb1:23t.e", "red", [ "h0" ] ],
    [ "led1:A", "bb1:17t.a", "", [ "$bb" ] ],
    [ "led1:C", "bb1:16t.a", "", [ "$bb" ] ],
    [ "rgb1:R", "bb1:6t.b", "", [ "$bb" ] ],
    [ "rgb1:COM", "bb1:7t.c", "", [ "$bb" ] ],
    [ "rgb1:G", "bb1:8t.b", "", [ "$bb" ] ],
    [ "rgb1:B", "bb1:9t.b", "", [ "$bb" ] ],
    [ "esp:D23", "bb1:15t.e", "red", [ "h-360.5", "v-43.2" ] ],
    [ "led1:C", "bb1:bn.13", "black", [ "v0" ] ],
    [ "bb1:7t.e", "bb1:bn.6", "black", [ "v0" ] ],
    [ "bb1:bn.25", "esp:GND.2", "black", [ "v0" ] ],
    [ "bb1:15t.e", "bb1:14t.e", "green", [ "v0" ] ],
    [ "bz1:2", "bb1:23t.a", "green", [ "v57.6", "h66.8" ] ],
    [ "bz1:1", "bb1:bn.12", "black", [ "v0" ] ],
    [ "r3:1", "bb1:8t.d", "", [ "$bb" ] ],
    [ "r3:2", "bb1:14t.d", "", [ "$bb" ] ],
    [ "r1:1", "bb1:17t.b", "", [ "$bb" ] ],
    [ "r1:2", "bb1:23t.b", "", [ "$bb" ] ]
  ],
  "dependencies": {}
}